<?xml version="1.0" encoding="utf-8" ?>
<Level1 levelName="The Eagle">
	<link>
		<Stats>
			<Health>0</Health>
			<Attack>0</Attack>
			<CritDamage>0</CritDamage>
			<Crit>0</Crit>
			<Stamina>0</Stamina>
			<Speed>0</Speed>
			<AttackSpeed>0</AttackSpeed>
			<Defense>0</Defense>
		</Stats>

		<Weapons>
			<Sword>
				<Damage>0</Damage>
			</Sword>
			<Boomerang>
				<Damage>0</Damage>
			</Boomerang>
			<Arrow>
				<Damage>0</Damage>
			</Arrow>
			<Bomb>
				<Damage>0</Damage>
			</Bomb>
		</Weapons>
	</link>
	<Room number="0">
		<Enemies>
		</Enemies>

		<Environment>
			<Walls>
			</Walls>
			<Doors>
				<Door id="north" xLoc="0" yLoc="0">
					<DestinationRoom>4</DestinationRoom>
					<Locked>True</Locked>
				</Door>
				<Door id="east" xLoc="0" yLoc="0">
					<DestinationRoom>3</DestinationRoom>
					<Locked>False</Locked>
				</Door>
				<Door id="west" xLoc="0" yLoc="0">
					<DestinationRoom>2</DestinationRoom>
					<Locked>False</Locked>
				</Door>
			</Doors>
			<Blocks>
				<WalkableWater id="1" xLoc="1" yLoc="1"></WalkableWater>
				<WalkableWater id="2" xLoc="1" yLoc="4"></WalkableWater>
				<WalkableWater id="3" xLoc="1" yLoc="7"></WalkableWater>
				<WalkableWater id="4" xLoc="1" yLoc="10"></WalkableWater>
				<WalkableWater id="5" xLoc="3" yLoc="1"></WalkableWater>
				<WalkableWater id="6" xLoc="3" yLoc="4"></WalkableWater>
				<WalkableWater id="7" xLoc="3" yLoc="7"></WalkableWater>
				<WalkableWater id="8" xLoc="3" yLoc="10"></WalkableWater>
				<WalkableWater id="9" xLoc="5" yLoc="1"></WalkableWater>
				<WalkableWater id="10" xLoc="5" yLoc="4"></WalkableWater>
				<WalkableWater id="11" xLoc="5" yLoc="7"></WalkableWater>
				<WalkableWater id="12" xLoc="5" yLoc="10"></WalkableWater>

			</Blocks>
		</Environment>

		<Items>
			<key xLoc="200" yLoc="200"></key>
		</Items>
	</Room>

	<Room number="1">
		<Enemies>
			<Keese id="1" xLoc="1" yLoc="1">
				<Stats>
					<Health>0</Health>
					<Strength>0</Strength>
					<Stamina>0</Stamina>
					<Damage>0</Damage>
				</Stats>
				<Drops>
				</Drops>
			</Keese>
			<Keese id="2" xLoc="2" yLoc="3">
				<Stats>
					<Health>0</Health>
					<Strength>0</Strength>
					<Stamina>0</Stamina>
					<Damage>0</Damage>
				</Stats>
				<Drops>
				</Drops>
			</Keese>
			<Keese id="3" xLoc="5" yLoc="1">
				<Stats>
					<Health>0</Health>
					<Strength>0</Strength>
					<Stamina>0</Stamina>
					<Damage>0</Damage>
				</Stats>
				<Drops>
				</Drops>
			</Keese>
		</Enemies>

		<Environment>
			<Walls>
			</Walls>
			<Doors>
				<Door id="east" xLoc="0" yLoc="0">
					<DestinationRoom>1</DestinationRoom>
					<Locked>False</Locked>
				</Door>
			</Doors>
			<Blocks>
			</Blocks>
		</Environment>

		<Items>
			<Key xLoc="6" yLoc="8"></Key>
		</Items>
	</Room>

	<Room number="2">
		<Enemies>
			<Stalfo id="1" xLoc="0" yLoc="3">
				<Stats>
					<Health>0</Health>
					<Strength>0</Strength>
					<Stamina>0</Stamina>
					<Damage>0</Damage>
				</Stats>
				<Drops>
					<DroppedItem Name="rupees" quantity="0"></DroppedItem>
					<DroppedItem Name="recoveryHeart" quantity="0"></DroppedItem>
					<DroppedItem Name="key" quantity="1"></DroppedItem>
				</Drops>
			</Stalfo>
			<Stalfo id="2" xLoc="6" yLoc="3">
				<Stats>
					<Health>0</Health>
					<Strength>0</Strength>
					<Stamina>0</Stamina>
					<Damage>0</Damage>
				</Stats>
				<Drops>
					<DroppedItem Name="rupees" quantity="0"></DroppedItem>
					<DroppedItem Name="recoveryHeart" quantity="0"></DroppedItem>
				</Drops>
			</Stalfo>
			<Stalfo id="3" xLoc="2" yLoc="6">
				<Stats>
					<Health>0</Health>
					<Strength>0</Strength>
					<Stamina>0</Stamina>
					<Damage>0</Damage>
				</Stats>
				<Drops>
					<DroppedItem Name="rupees" quantity="0"></DroppedItem>
					<DroppedItem Name="recoveryHeart" quantity="0"></DroppedItem>
				</Drops>
			</Stalfo>
			<Stalfo id="4" xLoc="4" yLoc="6">
				<Stats>
					<Health>0</Health>
					<Strength>0</Strength>
					<Stamina>0</Stamina>
					<Damage>0</Damage>
				</Stats>
				<Drops>
					<DroppedItem Name="rupees" quantity="0"></DroppedItem>
					<DroppedItem Name="recoveryHeart" quantity="0"></DroppedItem>
				</Drops>
			</Stalfo>
			<Stalfo id="5" xLoc="3" yLoc="11">
				<Stats>
					<Health>0</Health>
					<Strength>0</Strength>
					<Stamina>0</Stamina>
					<Damage>0</Damage>
				</Stats>
				<Drops>
					<DroppedItem Name="rupees" quantity="0"></DroppedItem>
					<DroppedItem Name="recoveryHeart" quantity="0"></DroppedItem>
				</Drops>
			</Stalfo>
		</Enemies>

		<Environment>
			<Walls>
			</Walls>
			<Doors>
				<Door id="west" xLoc="0" yLoc="0">
					<DestinationRoom>1</DestinationRoom>
					<Locked>False</Locked>
				</Door>
			</Doors>
			<Blocks>
				<WaterBlock id="1" xLoc="2" yLoc="2"></WaterBlock>
				<WaterBlock id="2" xLoc="3" yLoc="2"></WaterBlock>
				<WaterBlock id="3" xLoc="4" yLoc="2"></WaterBlock>
				<WaterBlock id="4" xLoc="2" yLoc="3"></WaterBlock>
				<WaterBlock id="5" xLoc="3" yLoc="3"></WaterBlock>
				<WaterBlock id="6" xLoc="4" yLoc="3"></WaterBlock>
				<WaterBlock id="7" xLoc="2" yLoc="8"></WaterBlock>
				<WaterBlock id="8" xLoc="3" yLoc="8"></WaterBlock>
				<WaterBlock id="9" xLoc="4" yLoc="8"></WaterBlock>
				<WaterBlock id="10" xLoc="2" yLoc="9"></WaterBlock>
				<WaterBlock id="11" xLoc="3" yLoc="9"></WaterBlock>
				<WaterBlock id="12" xLoc="4" yLoc="9"></WaterBlock>
			</Blocks>
		</Environment>

		<Items>
		</Items>
	</Room>

	<Room number="3">
		<Enemies>
			<Stalfo id="1" xLoc="0" yLoc="3">
				<Stats>
					<Health>0</Health>
					<Strength>0</Strength>
					<Stamina>0</Stamina>
					<Damage>0</Damage>
				</Stats>
				<Drops>
					<DroppedItem Name="rupees" quantity="0"></DroppedItem>
					<DroppedItem Name="recoveryHeart" quantity="0"></DroppedItem>
				</Drops>
			</Stalfo>
			<Stalfo id="2" xLoc="2" yLoc="4">
				<Stats>
					<Health>0</Health>
					<Strength>0</Strength>
					<Stamina>0</Stamina>
					<Damage>0</Damage>
				</Stats>
				<Drops>
					<DroppedItem Name="rupees" quantity="0"></DroppedItem>
					<DroppedItem Name="recoveryHeart" quantity="0"></DroppedItem>
				</Drops>
			</Stalfo>
			<Stalfo id="3" xLoc="4" yLoc="3">
				<Stats>
					<Health>0</Health>
					<Strength>0</Strength>
					<Stamina>0</Stamina>
					<Damage>0</Damage>
				</Stats>
				<Drops>
					<DroppedItem Name="rupees" quantity="0"></DroppedItem>
					<DroppedItem Name="recoveryHeart" quantity="0"></DroppedItem>
				</Drops>
			</Stalfo>
		</Enemies>

		<Environment>
			<Walls>
			</Walls>
			<Doors>
				<Door id="north" xLoc="0" yLoc="0">
					<DestinationRoom>5</DestinationRoom>
					<Locked>False</Locked>
				</Door>
				<Door id="south" xLoc="0" yLoc="0">
					<DestinationRoom>1</DestinationRoom>
					<Locked>False</Locked>
				</Door>
			</Doors>
			<Blocks>
				<WaterBlock id="1" xLoc="2" yLoc="5"></WaterBlock>
				<WaterBlock id="2" xLoc="3" yLoc="5"></WaterBlock>
				<WaterBlock id="3" xLoc="4" yLoc="5"></WaterBlock>
				<WaterBlock id="4" xLoc="2" yLoc="6"></WaterBlock>
				<WaterBlock id="5" xLoc="3" yLoc="6"></WaterBlock>
				<WaterBlock id="6" xLoc="4" yLoc="6"></WaterBlock>
			</Blocks>
		</Environment>

		<Items>
		</Items>
	</Room>

	<Room number="4">
		<Enemies>
			<Stalfo id="1" xLoc="4" yLoc="3">
				<Stats>
					<Health>0</Health>
					<Strength>0</Strength>
					<Stamina>0</Stamina>
					<Damage>0</Damage>
				</Stats>
				<Drops>
					<DroppedItem Name="rupees" quantity="0"></DroppedItem>
					<DroppedItem Name="recoveryHeart" quantity="0"></DroppedItem>
					<DroppedItem Name="key" quantity="1"></DroppedItem>
				</Drops>
			</Stalfo>
			<Stalfo id="2" xLoc="2" yLoc="4">
				<Stats>
					<Health>0</Health>
					<Strength>0</Strength>
					<Stamina>0</Stamina>
					<Damage>0</Damage>
				</Stats>
				<Drops>
					<DroppedItem Name="rupees" quantity="0"></DroppedItem>
					<DroppedItem Name="recoveryHeart" quantity="0"></DroppedItem>
				</Drops>
			</Stalfo>
			<Stalfo id="3" xLoc="3" yLoc="6">
				<Stats>
					<Health>0</Health>
					<Strength>0</Strength>
					<Stamina>0</Stamina>
					<Damage>0</Damage>
				</Stats>
				<Drops>
					<DroppedItem Name="rupees" quantity="0"></DroppedItem>
					<DroppedItem Name="recoveryHeart" quantity="0"></DroppedItem>
				</Drops>
			</Stalfo>
			<Stalfo id="4" xLoc="2" yLoc="7">
				<Stats>
					<Health>0</Health>
					<Strength>0</Strength>
					<Stamina>0</Stamina>
					<Damage>0</Damage>
				</Stats>
				<Drops>
					<DroppedItem Name="rupees" quantity="0"></DroppedItem>
					<DroppedItem Name="recoveryHeart" quantity="0"></DroppedItem>
				</Drops>
			</Stalfo>
			<Stalfo id="5" xLoc="0" yLoc="8">
				<Stats>
					<Health>0</Health>
					<Strength>0</Strength>
					<Stamina>0</Stamina>
					<Damage>0</Damage>
				</Stats>
				<Drops>
					<DroppedItem Name="rupees" quantity="0"></DroppedItem>
					<DroppedItem Name="recoveryHeart" quantity="0"></DroppedItem>
				</Drops>
			</Stalfo>
		</Enemies>

		<Environment>
			<Walls>
			</Walls>
			<Doors>
				<Door id="north" xLoc="0" yLoc="0">
					<DestinationRoom>9</DestinationRoom>
					<Locked>True</Locked>
				</Door>
				<Door id="south" xLoc="0" yLoc="0">
					<DestinationRoom>4</DestinationRoom>
					<Locked>False</Locked>
				</Door>
				<Door id="east" xLoc="0" yLoc="0">
					<DestinationRoom>6</DestinationRoom>
					<Locked>False</Locked>
				</Door>
				<Door id="west" xLoc="0" yLoc="0">
					<DestinationRoom>7</DestinationRoom>
					<Locked>False</Locked>
				</Door>
			</Doors>

			<Blocks>
				<WaterBlock id="1" xLoc="2" yLoc="2"></WaterBlock>
				<WaterBlock id="2" xLoc="4" yLoc="2"></WaterBlock>
				<WaterBlock id="3" xLoc="2" yLoc="9"></WaterBlock>
				<WaterBlock id="4" xLoc="4" yLoc="9"></WaterBlock>
			</Blocks>
		</Environment>

		<Items>
			<key quantity="1" xLoc="1" yLoc="6"></key>
		</Items>
	</Room>

	<Room number="5">
		<Enemies>
			<Keese id="1" xLoc="0" yLoc="3">
				<Stats>
					<Health>0</Health>
					<Strength>0</Strength>
					<Stamina>0</Stamina>
					<Damage>0</Damage>
				</Stats>
				<Drops>
				</Drops>
			</Keese>
			<Keese id="2" xLoc="1" yLoc="10">
				<Stats>
					<Health>0</Health>
					<Strength>0</Strength>
					<Stamina>0</Stamina>
					<Damage>0</Damage>
				</Stats>
				<Drops>
				</Drops>
			</Keese>
			<Keese id="3" xLoc="2" yLoc="6">
				<Stats>
					<Health>0</Health>
					<Strength>0</Strength>
					<Stamina>0</Stamina>
					<Damage>0</Damage>
				</Stats>
				<Drops>
				</Drops>
			</Keese>
			<Keese id="4" xLoc="2" yLoc="8">
				<Stats>
					<Health>0</Health>
					<Strength>0</Strength>
					<Stamina>0</Stamina>
					<Damage>0</Damage>
				</Stats>
				<Drops>
				</Drops>
			</Keese>
			<Keese id="5" xLoc="3" yLoc="10">
				<Stats>
					<Health>0</Health>
					<Strength>0</Strength>
					<Stamina>0</Stamina>
					<Damage>0</Damage>
				</Stats>
				<Drops>
				</Drops>
			</Keese>
			<Keese id="6" xLoc="4" yLoc="6">
				<Stats>
					<Health>0</Health>
					<Strength>0</Strength>
					<Stamina>0</Stamina>
					<Damage>0</Damage>
				</Stats>
				<Drops>
				</Drops>
			</Keese>
			<Keese id="7" xLoc="4" yLoc="8">
				<Stats>
					<Health>0</Health>
					<Strength>0</Strength>
					<Stamina>0</Stamina>
					<Damage>0</Damage>
				</Stats>
				<Drops>
				</Drops>
			</Keese>
			<Keese id="8" xLoc="5" yLoc="10">
				<Stats>
					<Health>0</Health>
					<Strength>0</Strength>
					<Stamina>0</Stamina>
					<Damage>0</Damage>
				</Stats>
				<Drops>
				</Drops>
			</Keese>
		</Enemies>

		<Environment>
			<Walls>
			</Walls>

			<Doors>
				<Door id="north" xLoc="0" yLoc="0">
					<DestinationRoom>13</DestinationRoom>
					<Locked>True</Locked>
				</Door>
				<Door id="east" xLoc="0" yLoc="0">
					<DestinationRoom>5</DestinationRoom>
					<Locked>False</Locked>
				</Door>
			</Doors>

			<Blocks>
				<WaterBlock id="1" xLoc="1" yLoc="2"></WaterBlock>
				<WaterBlock id="2" xLoc="1" yLoc="9"></WaterBlock>
				<WaterBlock id="3" xLoc="5" yLoc="2"></WaterBlock>
				<WaterBlock id="4" xLoc="5" yLoc="9"></WaterBlock>
			</Blocks>
		</Environment>

		<Items>
			<Compass quantity="1" xLoc="3" yLoc="10"></Compass>
		</Items>
	</Room>

	<Room number="6">
		<Enemies>
			<Keese id="1" xLoc="0" yLoc="8">
				<Stats>
					<Health>0</Health>
					<Strength>0</Strength>
					<Stamina>0</Stamina>
					<Damage>0</Damage>
				</Stats>
				<Drops>
				</Drops>
			</Keese>
			<Keese id="2" xLoc="2" yLoc="3">
				<Stats>
					<Health>0</Health>
					<Strength>0</Strength>
					<Stamina>0</Stamina>
					<Damage>0</Damage>
				</Stats>
				<Drops>
				</Drops>
			</Keese>
			<Keese id="3" xLoc="3" yLoc="0">
				<Stats>
					<Health>0</Health>
					<Strength>0</Strength>
					<Stamina>0</Stamina>
					<Damage>0</Damage>
				</Stats>
				<Drops>
				</Drops>
			</Keese>
			<Keese id="4" xLoc="5" yLoc="1">
				<Stats>
					<Health>0</Health>
					<Strength>0</Strength>
					<Stamina>0</Stamina>
					<Damage>0</Damage>
				</Stats>
				<Drops>
				</Drops>
			</Keese>
			<Keese id="5" xLoc="6" yLoc="8">
				<Stats>
					<Health>0</Health>
					<Strength>0</Strength>
					<Stamina>0</Stamina>
					<Damage>0</Damage>
				</Stats>
				<Drops>
				</Drops>
			</Keese>
			<Keese id="6" xLoc="4" yLoc="3">
				<Stats>
					<Health>0</Health>
					<Strength>0</Strength>
					<Stamina>0</Stamina>
					<Damage>0</Damage>
				</Stats>
				<Drops>
				</Drops>
			</Keese>
		</Enemies>

		<Environment>
			<Walls>
			</Walls>

			<Doors>
				<Door id="north" xLoc="0" yLoc="0">
					<DestinationRoom>8</DestinationRoom>
					<Locked>True</Locked>
				</Door>
				<Door id="east" xLoc="0" yLoc="0">
					<DestinationRoom>5</DestinationRoom>
					<Locked>True</Locked>
				</Door>
			</Doors>

			<Blocks>
				<WaterBlock id="1" xLoc="2" yLoc="5"></WaterBlock>
				<WaterBlock id="2" xLoc="3" yLoc="5"></WaterBlock>
				<WaterBlock id="3" xLoc="4" yLoc="5"></WaterBlock>
				<WaterBlock id="4" xLoc="2" yLoc="6"></WaterBlock>
				<WaterBlock id="5" xLoc="3" yLoc="6"></WaterBlock>
				<WaterBlock id="6" xLoc="4" yLoc="6"></WaterBlock>
			</Blocks>
		</Environment>

		<Items>
		</Items>
	</Room>


	<Room number="7">
		<Enemies>
			<Gel id="1" xLoc="4" yLoc="6">
				<Stats>
					<Health>0</Health>
					<Strength>0</Strength>
					<Stamina>0</Stamina>
					<Damage>0</Damage>
				</Stats>
				<Drops>
				</Drops>
			</Gel>
			<Gel id="2" xLoc="2" yLoc="7">
				<Stats>
					<Health>0</Health>
					<Strength>0</Strength>
					<Stamina>0</Stamina>
					<Damage>0</Damage>
				</Stats>
				<Drops>
				</Drops>
			</Gel>
			<Gel id="3" xLoc="0" yLoc="8">
				<Stats>
					<Health>0</Health>
					<Strength>0</Strength>
					<Stamina>0</Stamina>
					<Damage>0</Damage>
				</Stats>
				<Drops>
				</Drops>
			</Gel>
		</Enemies>

		<Environment>
			<Walls>
			</Walls>

			<Doors>
				<Door id="west" xLoc="0" yLoc="0">
					<DestinationRoom>17</DestinationRoom>
					<Locked>True</Locked>
				</Door>
				<Door id="east" xLoc="0" yLoc="0">
					<DestinationRoom>9</DestinationRoom>
					<Locked>False</Locked>
				</Door>
			</Doors>

			<Blocks>
				<WaterBlock id="1" xLoc="3" yLoc="5"></WaterBlock>
			</Blocks>
		</Environment>

		<Items>
		</Items>
	</Room>


	<Room number="8">
		<Enemies>
			<Gel id="1" xLoc="0" yLoc="4">
				<Stats>
					<Health>0</Health>
					<Strength>0</Strength>
					<Stamina>0</Stamina>
					<Damage>0</Damage>
				</Stats>
				<Drops>
				</Drops>
			</Gel>
			<Gel id="2" xLoc="2" yLoc="11">
				<Stats>
					<Health>0</Health>
					<Strength>0</Strength>
					<Stamina>0</Stamina>
					<Damage>0</Damage>
				</Stats>
				<Drops>
				</Drops>
			</Gel>
			<Gel id="3" xLoc="3" yLoc="8">
				<Stats>
					<Health>0</Health>
					<Strength>0</Strength>
					<Stamina>0</Stamina>
					<Damage>0</Damage>
				</Stats>
				<Drops>
				</Drops>
			</Gel>
			<Gel id="4" xLoc="5" yLoc="3">
				<Stats>
					<Health>0</Health>
					<Strength>0</Strength>
					<Stamina>0</Stamina>
					<Damage>0</Damage>
				</Stats>
				<Drops>
				</Drops>
			</Gel>
			<Gel id="5" xLoc="5" yLoc="8">
				<Stats>
					<Health>0</Health>
					<Strength>0</Strength>
					<Stamina>0</Stamina>
					<Damage>0</Damage>
				</Stats>
				<Drops>
				</Drops>
			</Gel>
		</Enemies>

		<Environment>
			<Walls>
			</Walls>
			<Doors>
				<Door id="north" xLoc="0" yLoc="0">
					<DestinationRoom>10</DestinationRoom>
					<Locked>False</Locked>
				</Door>
				<Door id="east" xLoc="0" yLoc="0">
					<DestinationRoom>13</DestinationRoom>
					<Locked>True</Locked>
				</Door>
				<Door id="west" xLoc="0" yLoc="0">
					<DestinationRoom>8</DestinationRoom>
					<Locked>False</Locked>
				</Door>
				<Door id="south" xLoc="0" yLoc="0">
					<DestinationRoom>5</DestinationRoom>
					<Locked>False</Locked>
				</Door>
			</Doors>

			<Blocks>
				<WaterBlock id="1" xLoc="1" yLoc="1"></WaterBlock>
				<WaterBlock id="2" xLoc="1" yLoc="2"></WaterBlock>
				<WaterBlock id="3" xLoc="1" yLoc="9"></WaterBlock>
				<WaterBlock id="4" xLoc="1" yLoc="10"></WaterBlock>
				<WaterBlock id="5" xLoc="3" yLoc="5"></WaterBlock>
				<WaterBlock id="6" xLoc="3" yLoc="6"></WaterBlock>
				<WaterBlock id="7" xLoc="5" yLoc="1"></WaterBlock>
				<WaterBlock id="8" xLoc="5" yLoc="2"></WaterBlock>
				<WaterBlock id="9" xLoc="5" yLoc="9"></WaterBlock>
				<WaterBlock id="10" xLoc="5" yLoc="10"></WaterBlock>
			</Blocks>
		</Environment>

		<Items>
			<DungeonMap quantity="3" xLoc="0" yLoc="10"></DungeonMap>
		</Items>
	</Room>



	<Room number="9">
		<Enemies>
			<Stalfo id="1" xLoc="1" yLoc="1">
				<Stats>
					<Health>0</Health>
					<Strength>0</Strength>
					<Stamina>0</Stamina>
					<Damage>0</Damage>
				</Stats>
				<Drops>
					<DroppedItem Name="rupees" quantity="0"></DroppedItem>
					<DroppedItem Name="recoveryHeart" quantity="0"></DroppedItem>
				</Drops>
			</Stalfo>
			<Stalfo id="2" xLoc="1" yLoc="10">
				<Stats>
					<Health>0</Health>
					<Strength>0</Strength>
					<Stamina>0</Stamina>
					<Damage>0</Damage>
				</Stats>
				<Drops>
					<DroppedItem Name="rupees" quantity="0"></DroppedItem>
					<DroppedItem Name="recoveryHeart" quantity="0"></DroppedItem>
				</Drops>
			</Stalfo>
			<Stalfo id="3" xLoc="4" yLoc="8">
				<Stats>
					<Health>0</Health>
					<Strength>0</Strength>
					<Stamina>0</Stamina>
					<Damage>0</Damage>
				</Stats>
				<Drops>
					<DroppedItem Name="rupees" quantity="0"></DroppedItem>
					<DroppedItem Name="recoveryHeart" quantity="0"></DroppedItem>
				</Drops>
			</Stalfo>
		</Enemies>

		<Environment>
			<Walls>
			</Walls>
			<Doors>
				<Door id="north" xLoc="0" yLoc="0">
					<DestinationRoom>11</DestinationRoom>
					<Locked>True</Locked>
				</Door>
				<Door id="south" xLoc="0" yLoc="0">
					<DestinationRoom>9</DestinationRoom>
					<Locked>False</Locked>
				</Door>
			</Doors>

			<Blocks>
				<Water id="1" xLoc="0" yLoc="0"></Water>
				<Water id="2" xLoc="0" yLoc="1"></Water>
				<Water id="3" xLoc="0" yLoc="2"></Water>
				<Water id="4" xLoc="0" yLoc="3"></Water>
				<Water id="5" xLoc="0" yLoc="4"></Water>
				<Water id="6" xLoc="0" yLoc="7"></Water>
				<Water id="7" xLoc="0" yLoc="8"></Water>
				<Water id="8" xLoc="0" yLoc="9"></Water>
				<Water id="9" xLoc="0" yLoc="10"></Water>
				<Water id="10" xLoc="0" yLoc="11"></Water>
				<Water id="11" xLoc="1" yLoc="0"></Water>
				<Water id="12" xLoc="1" yLoc="4"></Water>
				<Water id="13" xLoc="1" yLoc="9"></Water>
				<Water id="14" xLoc="1" yLoc="11"></Water>
				<Water id="15" xLoc="2" yLoc="0"></Water>
				<Water id="16" xLoc="2" yLoc="2"></Water>
				<Water id="17" xLoc="2" yLoc="4"></Water>
				<Water id="18" xLoc="2" yLoc="6"></Water>
				<Water id="19" xLoc="2" yLoc="7"></Water>
				<Water id="20" xLoc="2" yLoc="9"></Water>
				<Water id="21" xLoc="2" yLoc="11"></Water>
				<Water id="22" xLoc="3" yLoc="2"></Water>
				<Water id="23" xLoc="3" yLoc="4"></Water>
				<Water id="24" xLoc="3" yLoc="7"></Water>
				<Water id="25" xLoc="3" yLoc="9"></Water>
				<Water id="26" xLoc="4" yLoc="0"></Water>
				<Water id="28" xLoc="4" yLoc="2"></Water>
				<Water id="29" xLoc="4" yLoc="4"></Water>
				<Water id="30" xLoc="4" yLoc="5"></Water>
				<Water id="31" xLoc="4" yLoc="7"></Water>
				<Water id="32" xLoc="4" yLoc="9"></Water>
				<Water id="33" xLoc="4" yLoc="11"></Water>
				<Water id="34" xLoc="5" yLoc="0"></Water>
				<Water id="35" xLoc="5" yLoc="2"></Water>
				<Water id="36" xLoc="5" yLoc="7"></Water>
				<Water id="37" xLoc="5" yLoc="11"></Water>
				<Water id="38" xLoc="6" yLoc="0"></Water>
				<Water id="39" xLoc="6" yLoc="1"></Water>
				<Water id="40" xLoc="6" yLoc="2"></Water>
				<Water id="41" xLoc="6" yLoc="3"></Water>
				<Water id="42" xLoc="6" yLoc="4"></Water>
				<Water id="43" xLoc="6" yLoc="7"></Water>
				<Water id="44" xLoc="6" yLoc="8"></Water>
				<Water id="45" xLoc="6" yLoc="9"></Water>
				<Water id="46" xLoc="6" yLoc="10"></Water>
				<Water id="47" xLoc="6" yLoc="11"></Water>
			</Blocks>
		</Environment>

		<Items>
			<key quantity="1" xLoc="0" yLoc="0"></key>
		</Items>
	</Room>


	<Room number="10">
		<Enemies>
			<Goriya id="1" xLoc="0" yLoc="8">
				<Stats>
					<Health>0</Health>
					<Strength>0</Strength>
					<Stamina>0</Stamina>
					<Damage>0</Damage>
				</Stats>
				<Drops>
				</Drops>
			</Goriya>
			<Goriya id="2" xLoc="2" yLoc="4">
				<Stats>
					<Health>0</Health>
					<Strength>0</Strength>
					<Stamina>0</Stamina>
					<Damage>0</Damage>
				</Stats>
				<Drops>
				</Drops>
			</Goriya>
			<Goriya id="3" xLoc="2" yLoc="7">
				<Stats>
					<Health>0</Health>
					<Strength>0</Strength>
					<Stamina>0</Stamina>
					<Damage>0</Damage>
				</Stats>
				<Drops>
				</Drops>
			</Goriya>
		</Enemies>

		<Environment>
			<Walls>
			</Walls>

			<Doors>
				<Door id="west" xLoc="0" yLoc="0">
					<DestinationRoom>12</DestinationRoom>
					<Locked>True</Locked>
				</Door>
				<Door id="south" xLoc="0" yLoc="0">
					<DestinationRoom>10</DestinationRoom>
					<Locked>False</Locked>
				</Door>
			</Doors>

			<Blocks>
				<Water id="1" xLoc="1 " yLoc="1"></Water>
				<Water id="2" xLoc="1 " yLoc="2"></Water>
				<Water id="3" xLoc="1 " yLoc="3"></Water>
				<Water id="4" xLoc="1 " yLoc="8"></Water>
				<Water id="5" xLoc="1 " yLoc="9"></Water>
				<Water id="6" xLoc="1 " yLoc="10"></Water>
				<Water id="7" xLoc="2" yLoc="1"></Water>
				<Water id="8" xLoc="2" yLoc="10"></Water>
				<Water id="9" xLoc="3" yLoc="1"></Water>
				<Water id="10" xLoc="3" yLoc="3"></Water>
				<Water id="11" xLoc="3" yLoc="4"></Water>
				<Water id="12" xLoc="3" yLoc="5"></Water>
				<Water id="13" xLoc="3" yLoc="6"></Water>
				<Water id="14" xLoc="3" yLoc="7"></Water>
				<Water id="15" xLoc="3" yLoc="8"></Water>
				<Water id="16" xLoc="3" yLoc="10"></Water>
				<Water id="17" xLoc="4" yLoc="1"></Water>
				<Water id="18" xLoc="4" yLoc="10"></Water>
				<Water id="19" xLoc="5" yLoc="1"></Water>
				<Water id="20" xLoc="5" yLoc="2"></Water>
				<Water id="21" xLoc="5" yLoc="3"></Water>
				<Water id="22" xLoc="5" yLoc="8"></Water>
				<Water id="23" xLoc="5" yLoc="9"></Water>
				<Water id="24" xLoc="5" yLoc="10"></Water>
			</Blocks>
		</Environment>

		<Items>
			<key quantity="1" xLoc="1" yLoc="6"></key>
		</Items>
	</Room>

	<Room number="11">
		<Enemies>
			<BladeTrap id="1" xLoc="0" yLoc="0">
				<Stats>
					<Health>0</Health>
					<Strength>0</Strength>
					<Stamina>0</Stamina>
					<Damage>0</Damage>
				</Stats>
				<Drops>
				</Drops>
			</BladeTrap>
			<BladeTrap id="2" xLoc="6" yLoc="0">
				<Stats>
					<Health>0</Health>
					<Strength>0</Strength>
					<Stamina>0</Stamina>
					<!--not applicable-->
					<Damage>0</Damage>
				</Stats>
				<Drops>
				</Drops>
			</BladeTrap>
			<BladeTrap id="3" xLoc="0" yLoc="11">
				<Stats>
					<Health>0</Health>
					<Strength>0</Strength>
					<Stamina>0</Stamina>
					<!--not applicable-->
					<Damage>0</Damage>
				</Stats>
				<Drops>
				</Drops>
			</BladeTrap>
			<BladeTrap id="4" xLoc="6" yLoc="11">
				<Stats>
					<Health>0</Health>
					<Strength>0</Strength>
					<Stamina>0</Stamina>
					<!--not applicable-->
					<Damage>0</Damage>
				</Stats>
				<Drops>
				</Drops>
			</BladeTrap>
		</Enemies>

		<Environment>
			<Walls>
			</Walls>

			<Doors>
				<Door id="east" xLoc="0" yLoc="0">
					<DestinationRoom>11</DestinationRoom>
					<Locked>False</Locked>
				</Door>
			</Doors>

			<Blocks>
				<Staircase quantity="1" xLoc="3" yLoc="6"></Staircase>
				<WaterBlock id="1" xLoc="2" yLoc="5"></WaterBlock>
				<WaterBlock id="2" xLoc="2" yLoc="7"></WaterBlock>
				<WaterBlock id="3" xLoc="3" yLoc="4"></WaterBlock>
				<WaterBlock id="4" xLoc="3" yLoc="8"></WaterBlock>
				<WaterBlock id="5" xLoc="4" yLoc="5"></WaterBlock>
				<WaterBlock id="6" xLoc="4" yLoc="7"></WaterBlock>
				<WaterBlock id="7" xLoc="5" yLoc="6"></WaterBlock>
				<WaterBlock id="8" xLoc="1" yLoc="6"></WaterBlock>
			</Blocks>
		</Environment>

		<Items>
		</Items>
	</Room>


	<Room number="12">
		<Enemies>
			<Goriya id="1" xLoc="0" yLoc="3">
				<Stats>
					<Health>0</Health>
					<Strength>0</Strength>
					<Stamina>0</Stamina>
					<Damage>0</Damage>
				</Stats>
				<Drops>
				</Drops>
			</Goriya>
			<Goriya id="2" xLoc="3" yLoc="11">
				<Stats>
					<Health>0</Health>
					<Strength>0</Strength>
					<Stamina>0</Stamina>
					<Damage>0</Damage>
				</Stats>
				<Drops>
				</Drops>
			</Goriya>
			<Goriya id="3" xLoc="6" yLoc="3">
				<Stats>
					<Health>0</Health>
					<Strength>0</Strength>
					<Stamina>0</Stamina>
					<Damage>0</Damage>
				</Stats>
				<Drops>
				</Drops>
			</Goriya>
		</Enemies>

		<Environment>
			<Walls>
			</Walls>

			<Doors>
				<Door id="west" xLoc="0" yLoc="0">
					<DestinationRoom>9</DestinationRoom>
					<Locked>False</Locked>
				</Door>
				<Door id="east" xLoc="0" yLoc="0">
					<DestinationRoom>14</DestinationRoom>
					<Locked>False</Locked>
				</Door>
			</Doors>

			<Blocks>
				<WaterBlock id="1" xLoc="2" yLoc="2"></WaterBlock>
				<WaterBlock id="2" xLoc="4" yLoc="2"></WaterBlock>
				<WaterBlock id="3" xLoc="2" yLoc="9"></WaterBlock>
				<WaterBlock id="4" xLoc="4" yLoc="9"></WaterBlock>
			</Blocks>
		</Environment>

		<Items>
			<Boomerang quantity="1" xLoc="1" yLoc="6"></Boomerang>
		</Items>
	</Room>


	<Room number="13">
		<Enemies>
			<Wallmaster id="1" xLoc="2" yLoc="0">
				<Stats>
					<Health>0</Health>
					<Strength>0</Strength>
					<Stamina>0</Stamina>
					<Damage>0</Damage>
				</Stats>
				<Drops>
				</Drops>
			</Wallmaster>
			<Wallmaster id="2" xLoc="5" yLoc="0">
				<Stats>
					<Health>0</Health>
					<Strength>0</Strength>
					<Stamina>0</Stamina>
					<Damage>0</Damage>
				</Stats>
				<Drops>
				</Drops>
			</Wallmaster>
		</Enemies>

		<Environment>
			<Walls>
			</Walls>

			<Doors>
				<Door id="north" xLoc="0" yLoc="0">
					<DestinationRoom>15</DestinationRoom>
					<Locked>True</Locked>
				</Door>
				<Door id="west" xLoc="0" yLoc="0">
					<DestinationRoom>13</DestinationRoom>
					<Locked>False</Locked>
				</Door>
			</Doors>

			<Blocks>
				<WaterBlock id="1" xLoc="1" yLoc="1"></WaterBlock>
				<WaterBlock id="2" xLoc="1" yLoc="3"></WaterBlock>
				<WaterBlock id="3" xLoc="1" yLoc="5"></WaterBlock>
				<WaterBlock id="4" xLoc="1" yLoc="6"></WaterBlock>
				<WaterBlock id="5" xLoc="1" yLoc="8"></WaterBlock>
				<WaterBlock id="6" xLoc="1" yLoc="10"></WaterBlock>
				<WaterBlock id="7" xLoc="3" yLoc="1"></WaterBlock>
				<WaterBlock id="8" xLoc="3" yLoc="3"></WaterBlock>
				<WaterBlock id="9" xLoc="3" yLoc="5"></WaterBlock>
				<WaterBlock id="10" xLoc="3" yLoc="6"></WaterBlock>
				<WaterBlock id="11" xLoc="3" yLoc="8"></WaterBlock>
				<WaterBlock id="12" xLoc="3" yLoc="10"></WaterBlock>
				<WaterBlock id="13" xLoc="5" yLoc="1"></WaterBlock>
				<WaterBlock id="14" xLoc="5" yLoc="3"></WaterBlock>
				<WaterBlock id="15" xLoc="5" yLoc="5"></WaterBlock>
				<WaterBlock id="16" xLoc="5" yLoc="6"></WaterBlock>
				<WaterBlock id="17" xLoc="5" yLoc="8"></WaterBlock>
				<WaterBlock id="18" xLoc="5" yLoc="10"></WaterBlock>
			</Blocks>
		</Environment>

		<Items>
			<key quantity="1" xLoc ="0" yLoc ="0"></key>
		</Items>
	</Room>

	<Room number="14">
		<Enemies>
			<Aquamentus id="1" xLoc="2" yLoc="9">
				<Stats>
					<Health>0</Health>
					<Strength>0</Strength>
					<Stamina>0</Stamina>
					<Damage>0</Damage>
				</Stats>
				<Drops>
					<DroppedItem Name="heartContainer" quantity="1" restore="50"></DroppedItem>
				</Drops>
			</Aquamentus>
		</Enemies>

		<Environment>
			<Walls>
			</Walls>

			<Doors>
				<Door id="east" xLoc="0" yLoc="0">
					<DestinationRoom>16</DestinationRoom>
					<Locked>True</Locked>
				</Door>
				<Door id="south" xLoc="0" yLoc="0">
					<DestinationRoom>14</DestinationRoom>
					<Locked>False</Locked>
				</Door>
			</Doors>

			<Blocks>
				<WaterBlock id="1" xLoc="0" yLoc="7"></WaterBlock>
				<WaterBlock id="2" xLoc="0" yLoc="8"></WaterBlock>
				<WaterBlock id="3" xLoc="0" yLoc="9"></WaterBlock>
				<WaterBlock id="4" xLoc="0" yLoc="10"></WaterBlock>
				<WaterBlock id="5" xLoc="0" yLoc="11"></WaterBlock>
				<WaterBlock id="6" xLoc="1" yLoc="9"></WaterBlock>
				<WaterBlock id="7" xLoc="1" yLoc="10"></WaterBlock>
				<WaterBlock id="8" xLoc="1" yLoc="11"></WaterBlock>
				<WaterBlock id="9" xLoc="2" yLoc="10"></WaterBlock>
				<WaterBlock id="10" xLoc="2" yLoc="11"></WaterBlock>
				<WaterBlock id="11" xLoc="4" yLoc="10"></WaterBlock>
				<WaterBlock id="12" xLoc="4" yLoc="11"></WaterBlock>
				<WaterBlock id="13" xLoc="5" yLoc="9"></WaterBlock>
				<WaterBlock id="14" xLoc="5" yLoc="10"></WaterBlock>
				<WaterBlock id="15" xLoc="5" yLoc="11"></WaterBlock>
				<WaterBlock id="16" xLoc="6" yLoc="7"></WaterBlock>
				<WaterBlock id="17" xLoc="6" yLoc="8"></WaterBlock>
				<WaterBlock id="18" xLoc="6" yLoc="9"></WaterBlock>
				<WaterBlock id="19" xLoc="6" yLoc="10"></WaterBlock>
				<WaterBlock id="20" xLoc="6" yLoc="11"></WaterBlock>
			</Blocks>
		</Environment>

		<Items>
		</Items>
	</Room>


	<Room number="15">
		<Enemies>
		</Enemies>

		<Environment>
			<Walls>
			</Walls>

			<Doors>
				<Door id="west" xLoc="0" yLoc="0">
					<DestinationRoom>15</DestinationRoom>
					<Locked>False</Locked>
				</Door>
			</Doors>

			<Blocks>
				<WaterBlock id="1" xLoc="1" yLoc="1"></WaterBlock>
				<WaterBlock id="2" xLoc="1" yLoc="2"></WaterBlock>
				<WaterBlock id="3" xLoc="1" yLoc="3"></WaterBlock>
				<WaterBlock id="4" xLoc="1" yLoc="4"></WaterBlock>
				<WaterBlock id="5" xLoc="1" yLoc="5"></WaterBlock>
				<WaterBlock id="6" xLoc="1" yLoc="6"></WaterBlock>
				<WaterBlock id="7" xLoc="1" yLoc="7"></WaterBlock>
				<WaterBlock id="8" xLoc="1" yLoc="8"></WaterBlock>
				<WaterBlock id="9" xLoc="1" yLoc="9"></WaterBlock>
				<WaterBlock id="10" xLoc="1" yLoc="10"></WaterBlock>
				<WaterBlock id="11" xLoc="5" yLoc="1"></WaterBlock>
				<WaterBlock id="12" xLoc="5" yLoc="2"></WaterBlock>
				<WaterBlock id="13" xLoc="5" yLoc="3"></WaterBlock>
				<WaterBlock id="14" xLoc="5" yLoc="4"></WaterBlock>
				<WaterBlock id="17" xLoc="5" yLoc="7"></WaterBlock>
				<WaterBlock id="18" xLoc="5" yLoc="8"></WaterBlock>
				<WaterBlock id="19" xLoc="5" yLoc="9"></WaterBlock>
				<WaterBlock id="20" xLoc="5" yLoc="10"></WaterBlock>
				<WaterBlock id="21" xLoc="2" yLoc="1"></WaterBlock>
				<WaterBlock id="22" xLoc="2" yLoc="10"></WaterBlock>
				<WaterBlock id="23" xLoc="4" yLoc="1"></WaterBlock>
				<WaterBlock id="24" xLoc="4" yLoc="10"></WaterBlock>
				<WaterBlock id="23" xLoc="3" yLoc="1"></WaterBlock>
				<WaterBlock id="24" xLoc="3" yLoc="10"></WaterBlock>
				<WaterBlock id="23" xLoc="2" yLoc="4"></WaterBlock>
				<WaterBlock id="24" xLoc="2" yLoc="7"></WaterBlock>
				<WaterBlock id="23" xLoc="3" yLoc="3"></WaterBlock>
				<WaterBlock id="24" xLoc="3" yLoc="8"></WaterBlock>
			</Blocks>
		</Environment>

		<Items>
			<TriforceOfWisdom quantity ="4" xLoc ="3" yLoc ="5" restore="100"></TriforceOfWisdom>
		</Items>
	</Room>

	<Room number="16">
		<Enemies>
		</Enemies>

		<Environment>
			<Walls>
			</Walls>

			<Doors>
				<Door id="east" xLoc="0" yLoc="0">
					<DestinationRoom>8</DestinationRoom>
					<Locked>False</Locked>
				</Door>
			</Doors>

			<Blocks>
			</Blocks>
		</Environment>

		<Items>
		</Items>
	</Room>

	<Room number="17">
		<Enemies>
		</Enemies>

		<Environment>
			<Walls>
			</Walls>

			<Doors>
				<Door id="east" xLoc="0" yLoc="0">
					<DestinationRoom>8</DestinationRoom>
					<Locked>False</Locked>
				</Door>
			</Doors>

			<Blocks>
			</Blocks>
		</Environment>

		<Items>
		</Items>
	</Room>

	<Room number="18">
		<Enemies>
		</Enemies>

		<Environment>
			<Walls>
			</Walls>

			<Doors>
				<Door id="east" xLoc="0" yLoc="0">
					<DestinationRoom>8</DestinationRoom>
					<Locked>False</Locked>
				</Door>
			</Doors>

			<Blocks>
			</Blocks>
		</Environment>

		<Items>
		</Items>
	</Room>

</Level1>